run,score,hits,total,is_best
0,0.707965,320,452,True
1,0.707965,320,452,False
2,0.64823,293,452,False
3,0.621681,281,452,False
4,0.654867,296,452,False
5,0.654867,296,452,False
6,0.621681,281,452,False
7,0.79646,360,452,True
8,0.79646,360,452,False
9,0.798673,361,452,True
10,0.780973,353,452,False
